folder	file	original_name	bytes	sha256	original_mtime_local	subject
2026-09-29_reference_tackle	Screenshot_2026-09-29_at_5.42.54_PM.png	Screenshot 2026-09-29 at 5.42.54<U+202F>PM.png	392001	b179779a42d11f59bce3c5df4664240e0e0eff0bfb1d844934031fc836026388	2026-09-29 17:42:55	Reference Tackle V1: the approved event breakdown of the reference clip (frames, times), as shown in the session
2026-09-30_physical_character	Screenshot_2026-09-30_at_2.45.58_PM.png	Screenshot 2026-09-30 at 2.45.58<U+202F>PM.png	697846	2af9c4174941d682d3fca213d6a76a13b7171911fd578d1919324d61c6583747	2026-09-30 14:45:59	Physical Character V1: the 'REBOOT SAFE' report after preserving the overnight runway state (30 Sep 14:45)
2026-10-04_manager_ui	Screenshot_2026-10-05_at_4.13.39_AM.png	Screenshot 2026-10-05 at 4.13.39<U+202F>AM.png	3644999	2d6baf6bd559c75c1cbc293e14752000129f4ec791e23b41fab9bf29d7c2edf2	2026-10-05 04:13:39	Manager UI redesign: Premier League standings (first captured state)
2026-10-04_manager_ui	Screenshot_2026-10-05_at_4.13.56_AM.png	Screenshot 2026-10-05 at 4.13.56<U+202F>AM.png	7040674	0e474ab9d7d4566cd24f4492c88261a6d195071c1a525e6f750ce16162e4e271	2026-10-05 04:13:56	Manager UI redesign: squad management, Liverpool 4-3-3 card pitch
2026-10-05_manager_ui	Screenshot_2026-10-05_at_1.56.21_PM.png	Screenshot 2026-10-05 at 1.56.21<U+202F>PM.png	2932989	e35cfdfa0451ab8434230985844c9250164713c688e427259c4f4a34e3f0fae9	2026-10-05 13:56:22	Manager UI: 'Metallic' standings variant (Touchline_Playable_Metallic.html)
2026-10-05_manager_ui	Screenshot_2026-10-05_at_9.07.38_PM.png	Screenshot 2026-10-05 at 9.07.38<U+202F>PM.png	3091773	799d38e4d7231aff537802cd1e18be565f940909ad2763c83d81ad6ebc882671	2026-10-05 21:07:40	Manager UI: glass standings panel
2026-10-05_manager_ui	Screenshot_2026-10-06_at_2.16.35_AM.png	Screenshot 2026-10-06 at 2.16.35<U+202F>AM.png	3114170	915400d56583cd276f66247d2dd56d740302f2663237cd54f758c3f8b89060b2	2026-10-06 02:16:37	Manager UI: Champions League knockout rounds (semi-finals)
2026-10-05_manager_ui	Screenshot_2026-10-06_at_2.27.28_AM.png	Screenshot 2026-10-06 at 2.27.28<U+202F>AM.png	3762206	bbbb97adb389b03fbb3a975ea8f37674efc3add2608fb98a806779891225fdb9	2026-10-06 02:27:33	Manager UI: schedule / training calendar
2026-10-07_manager_ui	Screenshot_2026-10-07_at_1.04.38_PM.png	Screenshot 2026-10-07 at 1.04.38<U+202F>PM.png	3236504	05a463040124a7b126a65765d0c089a8055c38c766d3465b3c966f31141f5e3b	2026-10-07 13:04:39	Manager UI: Champions League league-phase table
2026-10-07_manager_ui	Screenshot_2026-10-07_at_1.09.03_PM.png	Screenshot 2026-10-07 at 1.09.03<U+202F>PM.png	3689236	d599c8b77b574b9ee829ea827b09d53595cfbc88aad97622e5aa6aa94983327b	2026-10-07 13:09:06	Manager UI: schedule with the training-day panel (focus, intensity, development / stamina)
2026-10-07_manager_ui	Screenshot_2026-10-07_at_10.34.15_PM.png	Screenshot 2026-10-07 at 10.34.15<U+202F>PM.png	6973666	aaa0f9aff3a93f4c97cf58dcdf94a9f49b13afcb269f9df056df4e91758d65aa	2026-10-07 22:34:15	Manager UI: squad colour test (Touchline_Development_Colour_Test.html, 4-2-2-2)
