old_commit	new_commit	author_date	committer_date	contained_oversized_archive	subject
e519c8f7f920bbbcad5d2bc0ad69d861c78d0e33	d202cac3b9f207adf49088899d356e7c305f866c	2026-10-06T05:26:08+01:00	2026-10-06T05:26:08+01:00	yes	physchar-v2(E2): servo re-validation S2 DOES NOT VALIDATE (V-1/V-2/V-4: reach-saturated elevated trajectories, pelvis-motion residual on returns, dt-proportional energy Σ+, 180 Hz activation-limited reversal, box-switch steps; V-3/V-5/V-6 pass; representative RMS with D1 1.3-2.0 mm); PG-1 0/32 (bandwidth envelope and allowance what-if; binding at phi 0.80 where the frozen reference is 5.40 mm); PG-2 4/4; diagnostic 96-run smoke matrix (E2-3 92/96, E2-5 78/96 impact, E2-9 94/96); clearance decomposition; diagnostic vffPassive counterfactual (not adopted); E2_OVERNIGHT_REPORT — BLOCKED ON PLANNING DECISION
06252263ff9a6061fd7dcacec653e7695728d3f0	ac4674e4ba581e86a02a0ac60280fef32e44cf72	2026-10-06T12:19:11+01:00	2026-10-06T12:19:11+01:00	yes	physchar-v2(E2): PREREGISTRATION amendment A30 (user decision): nominal swing apex 25 -> 30 mm as a versioned trajectory (E2TRAJ / --traj=A30; default v2 bit-identical), T 0.6 s, 50 % knot, measured-liftoff semantics and every threshold unchanged; measured tracking uncertainty and phi-resolved clearance budget documented (+0.85 mm margin at phi 0.8); correction of the overnight report's A3 claim (phase-binned window allowance is 2.24 mm, not 0.75); PG-1 procedure and decision rule fixed before any A30 run; e2_pg records a planner refusal
2310aa349c887bdbfdcac85b1d7efff629d0a17e	eaddffd5e3482109bf227971f4361a320d10934d	2026-10-06T12:26:25+01:00	2026-10-06T12:26:25+01:00	yes	physchar-v2(E2): A30 PG-1 does NOT certify (0/32): gate PSTAR5CH refused (no validated tracked allowance), envelope margin 3.41-3.62 mm, S2-rule what-if 3.46, window per-phase what-if 4.39; only the phi-resolved offline check certifies (5.87 mm, margin 0.87); swing path-certified for all bodies → STOPPED. Touchdown metric analysis on existing 25 mm data (instantaneous peak ∝ 1/dt, 10 ms window-mean rate-robust; recommendation, not adopted). Servo-validation v2 PROPOSAL (not frozen/run). DECISIONS E2-9
84b92b180e6120dee7efc829891be2e86401b159	7bde4336f045063d6f3a47d9cabbe3fac7c85049	2026-10-06T15:53:52+01:00	2026-10-06T15:53:52+01:00	yes	physchar-v2(E2): SV-2 swing-servo validation PREREGISTRATION FROZEN (before any battery run): one E2-shaped ground-ending step per run (tools/swing_servo_val2.mjs), four separate verdicts (reachability / tracking accuracy T-1..T-3 with the approved D1-on mechanism criterion / integrity I-1..I-7 / per-0.05-phi-bin allowance from reachable R+C VAL-ON runs, both conventions, rounded up), per-bin certificate form in certifyClearance (servo-keyed); reachability pre-check with the planner certifier: all cases reachable except C-L11 for 7 bodies (rejected, reported); frozen list 876 runs; KV0 + identity PASS
d41b92a16a8f43324ba4c38b03152ba6bb5b91a2	9a538a79cbfd1eaca47777e65e2491998ade8095	2026-10-06T16:08:46+01:00	2026-10-06T16:08:46+01:00	yes	physchar-v2(E2): 30 mm touchdown matrix analysis plan, written before the SV-2 evaluation was read and before any 30 mm touchdown data: exact-window metric tool tools/e2_td_metrics.mjs (frozen E2-5 quantities from e2_eval + exact 10/20 ms window means, 20/50 ms impulse, rebound, torque steps; selftest), reading rule S1 (10 ms ratio vs 180 Hz <= 1.2, derived from the 1/dt alternative), S2/S3 reported; sourced 10 ms rationale (Blackburn 2016 HST 11-16 ms; GRF low-pass 25-75 Hz; Gruber 2017 impact band 15-27 Hz; >= one 180 Hz step); CORRECTION of the 25 mm analysis in E2_A30_PG1_RESULTS §3 (integer-tick windows, R-leg-only groups, wrong '>= 2 ticks' claim) with exact-window recomputation on the old data; matrix runner (runs only after SV-2 validates and PG-1 certifies 32/32)
cd3cd8ff6b44584f5dd35849b4da314bb9ff69be	a7def970327e7231950952c3ec66bd00dafb55e1	2026-10-06T16:09:49+01:00	2026-10-06T16:09:49+01:00	yes	physchar-v2(E2): PG-1 runner under A30 with the SV-2 allowance (PSTAR5CH, the 32 preregistered decisions; pass iff 32/32 CERTIFIED_ONE_STEP), written before the SV-2 evaluation
c3034faae6d57b772693aa5be0d463e49afcf693	76f81d0e03979baebad6531557dafa9496307223	2026-10-06T16:29:28+01:00	2026-10-06T16:29:28+01:00	yes	physchar-v2(E2): SV-2 swing-servo validation DOES NOT VALIDATE -> STOPPED (876/876 runs on frozen 84b92b1): R set passes every item; T-1 FAIL (C-F7 0.26, C-L5 0.28; residual vertical, D1-insensitive, rate-dependent), T-2/T-3 PASS (RMS 1.3-2.3 mm); I-2 FAIL (touchdown foot-flat transients 6-21 ms after contact beyond the E1a-7 onset window; C-L11), I-3/I-4 FAIL (C-L11 V2-long-legs servo runaway at phi~0.8 near the reach boundary, also D1-off: certified reachable, not executable), I-6 FAIL (landed-foot contact loss after long fast landings H-D/H-F15; C-L11). Allowance computed for the record, NOT VALID, not entered (FS.clearAllow stays null); what-if PG with it 0/32 (4.977 mm at phi 0.80, short 0.023 mm). PG-1 and the 30 mm touchdown matrix NOT run. SV-2 touchdown data at 30 mm: 10 ms mean rate-robust (<=1.08) but 0.10 m forward landings exceed 25 % BW at 180 Hz. Diagnostics + DECISIONS E2-10; decisions pending
93f95487f098bb32e05c455310b7565f20eff541	84a6922040c17a11aaa6232a91dc38913b79d6ce	2026-10-06T18:48:30+01:00	2026-10-06T18:48:30+01:00	yes	physchar-v2(E2): vertical-residual DIAGNOSTIC infrastructure (user decision 2026-10-06, verbatim in sources/): default-off hooks — world cfg.diagNoGround (third object layer that skips the turf; setNoGround), controller o.diagRecord (records IK solution, D1 resolved rates, velocity-FF pelvis/target parts; no effect on outputs); harness tools/vres_diag.mjs (fixed/floating pelvis, turf on/off, D1 on/off, vertical-only V0 trajectory, full telemetry). Identity: KV0 IDENTICAL, PSTAR5B 99c29491, PSTAR5CH b62309f5, component regressions 58/58, SV-2 record hash 3dd9f13d reproduced; vres pre-contact bit-identical to SV-2
65b98ad85a5fd5170d8305bc649f0ca12cf39384	4afccb7a4f7a40b6a8ddb235ce24db0947d26f12	2026-10-06T19:17:31+01:00	2026-10-06T19:17:31+01:00	yes	physchar-v2(E2): vertical-residual DIAGNOSIS (diagnostic only; nothing adopted; 884 matched runs): M1 floating-base pelvis-motion coupling (velocity-FF pelvis term damped by mu0; kinematic replay reproduces it exactly, undamped term removes it, D1 pelvis-acceleration not causal) = ankle error + whole T-1 vertical residual; M2 uncompensated passive ankle damping (0.99 deg predicted vs 0.94 measured) = orientation part, dominant at phi 0.75-0.80; servo remainder 0.1-0.4 mm; no contact anticipation; contact speed ~ delta^0.62 (r 0.90); most 10 ms touchdown load is premature load from pelvis coupling; T-1 meaningful (C-F7 0.259->0.009, C-L5 0.275->0.088 with causes removed); reachability: long-legs >=0.095 m lateral knee soft-limit runaway under body motion (clean with fixed pelvis). Proposed (not implemented): (A) pelvis term with sr damping weighted by airborne weight, (B) passive damping FF; touchdown design separate. Hooks diag-only: moveKinematic, diagD1PelAcc; identity KV0/PSTAR5B 99c29491/PSTAR5CH b62309f5/SV-2 3dd9f13d/58-58. DECISIONS E2-11
54629de229292ca78aa9ca6f6b237b15c979b83d	1a6541775d1a7564cce1f6e854266a0a322f25d2	2026-10-06T20:37:43+01:00	2026-10-06T20:37:43+01:00	yes	physchar-v2(E2): A + B implemented (default OFF) and factorial validation PREREGISTRATION FROZEN (before any battery run): A vffPelvisAir = pelvis-motion part of the commanded swing's velocity task with the same singularity-robust damping as the target part, weighted by airborne weight x commanded-swing weight (continuous; contact and uncommanded paths keep mu0); B vffPassiveRef = passive ankle damping compensated once on the reference rate (rT + wA rP); torqueLedger recording; configs PSTAR5CHA/CHB/CHAB; harness tools/ab_val.mjs, evaluator tools/ab_eval.mjs, 1728-run list; criteria AB-1..10 (T-1 frozen), I-x, L-1/2, G-3, causal confirmations C-1..3. Identity: KV0, PSTAR5B 99c29491, PSTAR5CH b62309f5, SV-2 3dd9f13d, 58/58; external-lift 12/12 bit-identical with A+B. User decision verbatim in sources/
0e832fbc29d7755648177cefd8e397bd292ba4ec	b735b95c93c2f7e60249aa96bc10ae696d74377f	2026-10-06T21:42:51+01:00	2026-10-06T21:42:51+01:00	yes	physchar-v2(E2): A + B factorial validation DOES NOT VALIDATE -> STOPPED at stage 2 (1728/1728 runs on frozen 54629de): T-1 passes every id under AB and collapses for the predicted reason (C-1..C-3 pass); tilt -90 %, worst binding-window d_low -1.60 -> -0.60 mm, energy/margins/rate stability/ledger/identity/integrity pass; FAIL AB-4a/4b (7 runs V2-198-92 R-L: commanded dTau0 0.7-6 % over the limit within -2..+5 ticks of contact; hip velocity FF x contact gain blend x hand-back = the touchdown transition) and AB-7 (R-L beta_y -47 % vs -50 %: A only partly active for ~90 ms after liftoff while the airborne weight ramps; phi>=0.2 at pinned-pelvis level). No change made; DECISIONS E2-12
28f263283274184954bd8c6f11d7927a02c4c30e	3c4674295348f776dab00dca95d5883495a10146	2026-10-06T22:03:50+01:00	2026-10-06T22:03:50+01:00	yes	physchar-v2(E2): AB2 versioned A + B swing-contract amendment PREREGISTRATION FROZEN (before any AB2 run): AB battery + FAIL verdict preserved; ownership split by lifecycle / measured-contact semantics — A's compensation measured from the first AIRBORNE a=1 tick (liftoff transient diagnostic), swing continuity up to the step containing the first measured contact, contact-transition continuity owned by the touchdown coordinator (reported, not exempted); thresholds, A/B, harness, matrix unchanged; evaluator tools/ab2_eval.mjs; user decision verbatim in sources/
9f57fb031dbeb2b24b142cf152b9ab055a0c0491	bc3d558a3f6e93738376a57281645683f6e6c877	2026-10-06T22:56:35+01:00	2026-10-06T22:56:35+01:00	yes	physchar-v2(E2): touchdown coordinator DESIGN STOPPED before preregistration (substantive conflict) + execution-feasibility certifier extension. Coordinator (default-off draft ctrl/v2_touchdown.js, SupportLifecycle.setHold, tools/td_val.mjs): within T 0.6 s / apex T/2 and the validated A+B envelopes no C2 final approach can complete tangential motion before the contact band, bound normal approach speed low (best ~60 mm/s) and stay inside the validated jerk envelope; heavy lateral steps contact with ~0.4 rad/s pelvis-driven foot rotation; near-contact continuity persists (pelvis FF x gain blend). Certifier: certifyExecution (nominal-path gating: soft-limit reach, conditioning, rates, torque vs capacity/headroom, self-collision, swept clearance, final posture; pelvis-envelope flagging) + closed-loop replay qualification tools/exec_qualify.mjs; 240 Hz sweep 144/160 qualified, all 16 rejections C-L11 incl. the V2-long-legs counterexample (replay: runaway) — no false rejection. Identity: KV0, PSTAR5B 99c29491, PSTAR5CH b62309f5, SV-2 3dd9f13d, AB b63184da, 58/58
b4c6e16aed380f955b0bd02e0f24a307a45123bd	85758abc9e9ec5b5cca6147494b0475099c398d7	2026-10-06T23:17:44+01:00	2026-10-06T23:17:44+01:00	yes	physchar-v2(E2): AB2 A + B swing-contract amendment VALIDATES (1728/1728 on frozen 28f2632, bit-identical to the AB battery which stays FAIL): airborne-window beta_y -56..-74 %, swing continuity clean, no regression outside the contact transition, T-1 unchanged, C-1..C-3 pass; contact-transition continuity (AB 6/0/8 runs) remains the coordinator's requirement. A + B qualified as swing mechanisms (PSTAR5CHAB). DECISIONS E2-13 (AB2 + coordinator design stop + execution feasibility)
d6d4868e8f5d0a9a8e0f6106dd4fbae51dd4f26b	c4c70611a5af19bd22f0fb1c26d1410d76ab29e2	2026-10-07T00:17:45+01:00	2026-10-07T00:17:45+01:00	yes	physchar-v2(E2): user decision 1A/1B + touchdown timing saved verbatim; 1A/1B PREREGISTRATION (design + criteria, freeze step 1, before any 1A/1B code). Pre-freeze sizing disclosed: 1A floating-base terms <=1.6 N.m hip in free swing (ankle ~0); alpha-hat contaminated by the swing foot's own contact (18-47 rad/s^2) -> used only while genuinely airborne; near-contact commanded rate decomposed: gain blend x w* <=4.5 N.m/tick, dominant = swing damping x (pelvis-rotation + reference) q-ddot* before contact and the impact-driven measured-frame jolt after; coordinator 3a foot pitch coincided with ankle activation-bound saturation. Aggregate certification over the possible-contact interval assigned to the coordinator battery (flagged)
452cc6086491e5f184feea8c5b6af9d10dfd7a01	0150ce895da630f8ec62eb84a2bec518e5956749	2026-10-07T01:07:40+01:00	2026-10-07T01:07:40+01:00	yes	physchar-v2(E2): 1A/1B implementation (default-off) + FREEZE step 2 before any battery run: d1FloatBase (1A: floating-base angular terms in D1's task conversion, alpha-hat only while genuinely airborne), lcTransition "cmd" (1B: complete approach/accommodation laws blended at command level under an E1a-7-certifying governor), parameterised swing law (default path bit-identical: KV0, 99c29491, b62309f5, 3dd9f13d, b63184da, 58/58); harness fb_val, correctness check fb1a_check (1A-0 PASS with control amendment A1), evaluator fb_eval, run list (2160), runner; prereg amendments A1-A3 incl. disclosed smoke (AB+T transition violations 1 -> 9 of 32; prediction: 1B-3/1B-5 likely fail)
9610cb667701935c023fa592d1d529792ecba0fe	e65895335c2bd865dae2b5e0bb82b2ef8ebc9b42	2026-10-07T02:34:20+01:00	2026-10-07T02:34:20+01:00	yes	physchar-v2(E2): 1A/1B validation results (frozen 452cc60, 2160/2160, G pass): 1A DOES NOT VALIDATE (1A-2(a) set H max foot |w| at first touching tick 0.464 vs 0.363 - impact-phase sampling on fast H-T45; 1A-0/1A-1/1A-3 pass; pre-impact unchanged, post-hoc), 1B DOES NOT VALIDATE (transition violating runs R 6->10, H 8->42, max cmd 64.4; 6 new rebounds; construction/governor checks pass - all violations are the approach law's own change: swing D x singularity-robust rP through the impact). Stopped before the coordinator. DECISIONS E2-14
d14d34fbac285afc85548b84b232e25c4e445244	3bb6752170ae05e009ecda0d5d7d1e97866103a7	2026-10-07T02:53:56+01:00	2026-10-07T02:53:56+01:00	yes	physchar-v2(E2): overnight runway decision saved verbatim; TD2 touchdown-coordinator design study (offline: C0 baseline / C1 corridor / C5 clock / C6 creep rejected; C2 band-top approach + bounded rest-to-rest search selected: approach = validated swing shifted by h_B 2.05 mm, kinematic peaks equal, +1.95 mm clearance; D_max 1.95 mm, tau_s 0.150 s, tau_c 0.1005 s, derived from Touchline uncertainty / late envelope / E2-5) and PREREGISTRATION (freeze step 1, before any TD2 code)
5015dc667ed2ca0c5907a4e8c37b7a0b8061dbef	d285f1065dc731bff5337791c8fd1a1cf435cbb1	2026-10-07T03:33:59+01:00	2026-10-07T03:33:59+01:00	yes	physchar-v2(E2): TD2 implementation (default-off: ctrl/v2_td2.js, CFG PSTAR5CHABTD, e2td read by the commanding layer only) + FREEZE step 2 before any battery run: harness td2_val (AB2/SV-2 lineage; conditions nominal/early/late/beyond), evaluator td2_eval, run list (1824), runner. Amendments A1-A5: smooth E2-style escalation re-target; parameters re-derived from the turf-off qualification of the new region (h_B 2.80 mm, D_max 2.70 mm, tau_s 0.205 s, tau_c 0.1459 s) plus tangential-settling interval tau_d 0.085 s; early condition (turf at the band top) kept as preregistered though bit-identical to AB (predicted to fail); E2 sequencer/planner integration deferred to the prerequisite stage. Identity: KV0, 99c29491, b62309f5, 3dd9f13d, b63184da (ab_val and td2_val AB), 58/58
63d489b588aeaa50736259b550a099ebd3625a37	20d78377bf21f98fc5f8a141f510b79ce8450f40	2026-10-07T04:34:44+01:00	2026-10-07T04:34:44+01:00	yes	physchar-v2(E2): TD2 validation results (frozen 5015dc6, 1824/1824): DOES NOT VALIDATE as preregistered. Nominal+late (864 runs) clean: 0 E1a-7 violations (AB 14), impact max 11.9 % BW (AB 60 %, 261 > 25 %), horizontal contact speed <= 34 mm/s (AB 176 > 50), 0 rebounds, AB2 contract kept. Fails: early condition (turf at band top = AB baseline, predicted), beyond (E2-style T_min escalation drop: 28/96 violating; counterfactual TD2-step escalation 18/18 clean), TD-10 touchdown-time rate stability (servo's rate-dependent deviation x 42-73 ms/mm). Stopped before SV-2 re-qualification / PG-1 / E2. DECISIONS E2-15
c99e5369ee89d8831480a154a233fdaeb4016120	6606ad59bbb425024af7409d32af29da9eb5ae7d	2026-10-07T04:35:52+01:00	2026-10-07T04:35:52+01:00	yes	physchar-v2(E2): overnight runway morning report (TD2 designed, preregistered, qualified, validated: DOES NOT VALIDATE; clean in its certified window; stopped before SV-2 re-qualification / PG-1 / E2; three decisions pending)
13d2d09080dee7f0085c44b8e84a7c9b4608c19e	b6fe3c06bb6b6f331d0fcc7c03f5db1d978e9f7c	2026-10-07T12:33:20+01:00	2026-10-07T12:33:20+01:00	yes	physchar-v2(E2): user decision (next TD2 iteration) saved verbatim; TD2B PREREGISTRATION (freeze step 1, before any TD2B code; TD2 kept as FAIL): certified possible-contact window from contact geometry + qualified tracking + terrain uncertainty (ref-low 2.815 .. 0.139 mm; h_B 2.85, D_max 2.75, tau_s 0.21, tau_c 0.1499, tau_d 0.085; in-window terrain +-0.05 mm; out-of-envelope early +10 mm under E2 s2a handling; beyond = S-LATE; noground = explicit failure); escalation = continued bounded search to the planner's turf window at the search's peak speed (S-LATE reachable offline: 0.765 s, 24.5 mm/s); physics-rate invariance bounds derived from tolerances / discretisation / qualification (replaces TD-10)
9cab1a93099f48bb1efe74f5dd3e7331e012d3f1	2200cd9896b9ef28e2c18153e181eed3bf59893d	2026-10-07T12:39:56+01:00	2026-10-07T12:39:56+01:00	yes	physchar-v2(E2): TD2B implementation (default-off: TD2B params + escalationSegment in ctrl/v2_td2.js with TD2 defaults kept, CFG PSTAR5CHABTDB) + FREEZE step 2 before any battery run: harness td2b_val (conditions nominal/earlyC/lateC/earlyOOE/beyond/noground; E2 s2a 60 % gate; continued-search escalation; explicit failure), evaluator td2b_eval (B-1..B-11 incl. frozen cross-rate bounds), run list 2688, runner. Amendments A1 (B-8 search-phase scope), A2 smoke disclosure incl. earlyOOE D1-singularity blow-up (B-9 kept gated; predicted possible failure), A3. Identity KV0/99c29491/b62309f5/3dd9f13d/b63184da x4, 58/58; TD2 regression c76cadc7 / 56717579 reproduced
0114429e70f9b369fb2a82758761bdc2b53eba42	4836364538af2201794a84fd0b1349adbd82afe5	2026-10-07T15:58:03+01:00	2026-10-07T15:58:03+01:00	yes	physchar-v2(E2): TD2B validation results (frozen 9cab1a9, 2688/2688): DOES NOT VALIDATE only on out-of-envelope early terrain (+10 mm: B-9 integrity 170 runs, B-11 handling 16 runs). Nominal / earlyC / lateC / beyond / noground (2256 runs) all clean: 0 E1a-7 violations, impact <= 14.3 % BW, no rebounds, escalation contact ~9 mm/s, explicit failures; B-10 physics-rate invariance PASS. earlyOOE mechanism: ~180 mm/s collision -> E2 hand-back overshoot into the turf -> unreachable IK -> D1 at a singular configuration (commanded torque to 1e18); counterfactual D1 guard removes all Sigma+/aborts/falls (24/24). Stopped before E2 integration / SV-2 / PG-1. DECISIONS E2-16
4051ba2151c0ffdc87f917f860fb066a7d485c4c	8e0cf073f0e2a3d17fdf111f9d2f17012c2ad66c	2026-10-07T22:56:20+01:00	2026-10-07T22:56:20+01:00	yes	physchar-v2(E2): user decision (D1 guard + TD2C) saved verbatim; D1G + TD2C PREREGISTRATION (freeze step 1, before any D1G / TD2C code): D1 validity rule from the existing machinery (IK reached err <= 1e-6, lambda_min(J_f^T J_f) >= IK.srEps^2 as the execution certifier, finite) with a continuous fade / ramp at the lifecycle release time 0.10 s (bit-identical when never engaged); independent validation DG-0..DG-7 (default identity, bit-identical equivalence on AB / in-window TD2C / SV-2 servo-on, terrain-free reach-stress set, controller-level L/R mirror test, rate determinism, energy, exact transition law within the E1a-7 commanded bound); TD2C = TD2B unchanged + D1G with explicit event classes TOUCHDOWN / LATE_TOUCHDOWN / UNEXPECTED_OBSTACLE / TOUCHDOWN_FAILED and unexpected-obstacle handling U-1..U-7 (obstacles +5/+10/+20 mm; abort/fall allowed if classified and bounded). Design diagnostics (conditioning, closure profile) archived and disclosed. TD2 / TD2B stay FAIL. DECISIONS E2-17
3914a0c4926ceeb48475b73f2ab62b21820033d8	19eb4d5a879e92669e6718530b4cfec9fc6bb384	2026-10-07T23:29:29+01:00	2026-10-07T23:29:29+01:00	yes	physchar-v2(E2): D1G implementation (default-off: d1Guard in ctrl/v2_stand.js - validity V1 reached / V2 conditioned / V3 finite / V4 torque-feasible per certifyExecution, fade / ramp state machine at the lifecycle release time, recording-only ledger parts; sim passes the actuator layer when on; CFG PSTAR5CHABG / PSTAR5CHABTDC) + FREEZE step 2 before any battery run: harnesses td2c_val (TD2C conditions incl. obstacles +5/+10/+20 mm, explicit event classification), d1g_val (terrain-free reach stress), d1g_unit (controller-level L/R mirror test), d1g_wrap (frozen SV-2 tool with the guard); evaluators td2c_eval (C-1..C-10 = B-1..B-10 verbatim, C-6x, U-1..U-7, DG-1a/b, DG-4b, DG-6) and d1g_eval (DG-1c, DG-2..DG-6) with shared d1g_lib; run lists (TD2C 3552; D1G 288 + 24 + 24 + 438); runners. Amendments A1 (V4: the certifier's torque-feasibility item; smoke showed V1-V3 let a valid D1 reach ~5 kN.m before engagement - disclosed), A2 operational definitions, A3 smoke disclosure, A4. DG-0 at this code: KV0 IDENTICAL, 58/58, 99c29491, b62309f5, 3dd9f13d, b63184da x3, c76cadc7, 56717579, TD2B 787cc0c9 / 83369114
d0ad788d12a06187a425a8ced5fa8f5ba894a1e7	20e782daff1bee44263f63854531c8180fe08760	2026-10-07T23:56:10+01:00	2026-10-07T23:56:10+01:00	yes	physchar-v2(E2): D1G validation results (frozen 3914a0c, 774 jobs): DOES NOT VALIDATE as preregistered. Guard itself as designed: DG-0, DG-1c (432/432 SV-2 bit-identical), DG-2 (i-iii, v), DG-3b, DG-4a/b, DG-6 PASS; guard off vs on: commands 1e20-1e21 -> <= 4.2e3 N.m, Sigma+ 2500 -> <= 0.9 J. FAIL: DG-2 (iv) 26 runs above B_cmd from the servo's joint-rate feed-forward at straight-leg unreachable targets (not D1: no-D1 counterfactual unchanged); DG-5 43 runs, rate-dependent (180 Hz 37 / 240 Hz 6 / 480 Hz 0), unaffected by D1 or the rate feed-forward (TD-15-like end-range integration); DG-3a 4/4056 samples, bounded-IK mirror fold. Stop rule: TD2C not run, D1G not adopted. Diagnostics (counterfactuals, IK sensitivity) archived. DECISIONS E2-18
0214283bb017a483a54fb0d2ec8adbe677e3ebbd	72506d0a9a16eeb33f7a8f60ab596dd3c894e262	2026-10-08T00:19:49+01:00	2026-10-08T00:19:49+01:00	yes	physchar-v2(E2): user decision 2026-10-08 (rate-feed-forward domain-validity correction; 180 Hz end-range energy as integration debt; IK mirror fold as IK-level finding; fresh combined guard qualification) saved verbatim
b25f0b089dd3faab6f68f4345d442e21bb5e46d7	f9e0a11d4c9574e9281f3940a73313135d64cb89	2026-10-08T00:45:02+01:00	2026-10-08T00:45:02+01:00	yes	physchar-v2(E2): DVG (D1G v2) PREREGISTRATION (freeze step 1, before any repository DVG code): one validity verdict + one slew-limited fade weight per leg for ALL IK-derived feed-forward (D1, joint-rate feed-forward, B reference rate); V4 = certifier torque feasibility at the commanded coordinate rate (actuator force-velocity envelope); combined qualification CQ-0..CQ-6 (identity; bit-identical equivalence AB / SV-2 / E1a / E1b; reach stress vs capacity/rate semantics; mirror + L/R; determinism; E1a-8 with TD-15 attribution only against a paired no-feed-forward reference; exact transition law within the E1a-7 commanded bound). Item 2 independence assessment (hold-phase build-up independent of D1 / guard / rate FF; per-tick spikes were rate-FF related); item 3 fold confirmations -> debt TD-17. Design-study evidence archived. D1G v1 stays FAIL; B_cmd not redefined. DECISIONS E2-19
b08b77a6c328445e1e48f2fc59836a8eb2f961cf	6b7ab905b22d9ef796ba0b6085153f095e91c8c2	2026-10-08T00:58:15+01:00	2026-10-08T00:58:15+01:00	yes	physchar-v2(E2): DVG implementation (default-off d1Guard: 2 in ctrl/v2_stand.js: one verdict V1-V4 (V4 at the commanded coordinate rate) and one slew-limited fade weight per leg for D1, the joint-rate feed-forward and the B reference rate; domain-entry carry-over; recording-only per-axis contributions; diagnostic no-IK-feed-forward reference diagNoIKFF; CFG PSTAR5CHABV / PSTAR5CHABTDV / PSTAR5CHABVR0; D1G v1 untouched) + FREEZE step 2 before any CQ run: dvg_val (stress), dvg_unit (mirror), dvg_wrap (frozen tools with DVG: CFG and option-injection modes, guard-trace sidecar), dvg_lib (guard law), dvg_eval (CQ-0..CQ-6), CQ run list (stress 432, rep 24, mirror 24, AB 432, SV-2 438, E1a 10 + E1b 28 on/off), runner, identity script. Amendments A1-A4 (smoke: AB / E1a / E1b P15 / SV-2 bit-identical with zero invalid evaluations; C-L11 engages as predicted; diag 180 Hz end-range energy attributed to TD-15 against R0). CQ-0 at this code: KV0, 58/58, all reference hashes, D1G v1 record d823bca7
7de6c0065c10e3699ff90aabb89e76b7ee9bc678	d3f9bcc5596006b1aaea0e8531139da79c5cbee3	2026-10-08T01:13:14+01:00	2026-10-08T01:13:14+01:00	yes	physchar-v2(E2): DVG erratum E1 + FREEZE step 2b before any CQ evaluation: the guard now applies its held / ramped terms even on ticks without a fresh term of that kind (the first implementation dropped a held D1 in one tick when the commanded target ended mid-fade; found by the TD2C-amendment smoke, 162 / 18 law violations; re-smoke clean). First CQ run (b08b77a) aborted unevaluated (73/1426 jobs). Added set CQ-6x (deepRel: target released at T, DVG + R0, 96 runs): guard law / command semantics gated, energy reported (release burst at end range present without IK feed-forward; disclosed smoke excess 0.19 J on V2-198-92 180 Hz). CQ-5 rule for the frozen sets unchanged. CQ-0 at the corrected code 12 PASS
bd4c56ef482bfb9dec51df1f03aa994567dfdd9a	b54bb6a4b8c73f8e4ef4655a72268a4e6ddcd70f	2026-10-08T02:19:54+01:00	2026-10-08T02:19:54+01:00	yes	physchar-v2(E2): DVG combined qualification results (frozen 7de6c00, 1522 jobs): DOES NOT VALIDATE as preregistered. PASS: identity, AB 432/432 and E1a/E1b 38/38 bit-identical (incl. P15 aborts), reach stress (finite, 0 over-capacity, joint-rate commands <= 0.35 x force-velocity limit), L/R pairs, determinism, energy (24 failures all attributed to TD-15 vs the no-feed-forward reference), guard law (step <= 0.66 x bound, incl. after release). FAIL: CQ-1b SV-2 C-L11 V2-long-legs 180 Hz (out-of-envelope run) I-4 saturation 4.26 -> 5.17 % while I-2 applied / I-3 / blow-up resolved; CQ-3a one IK-fold sample missed by the classifier (knee 4.5e-10 rad inside its soft bound; exact atBound flag false). Stopped before adoption / TD2C. First run (b08b77a) aborted unevaluated. DECISIONS E2-20
6e03afe8faf6fe1ea056c2f2b26dd5296ca755e8	e5ea11fdad31e579a4a5f5f880c55aba2567cc78	2026-10-08T03:00:20+01:00	2026-10-08T03:00:20+01:00	yes	physchar-v2(E2): preserve the unadopted TD2C amendment A5 and E2 integration drafts (not applied)
